suite,baseline,n,success,positive_success,negative_success,balanced_success,worst_group_success,field_infeasible_rate,mean_effort,mean_post_margin,mean_disagreement,clipped_rate
biased_scalar_grid,scalar_random_sign,9000.0,0.508,0.5022571719819426,0.5264885138302859,0.5143728429061143,0.5022571719819426,0.0,0.17522657173631412,-0.3622847959894248,0.19526263839251376,0.0077777777777777776
biased_scalar_grid,scalar_global_sign,9000.0,0.763,1.0,0.0,0.5,0.0,0.0,0.17526055918901165,-0.17655632762269763,0.09500703705531689,0.008333333333333333
biased_scalar_grid,scalar_prior_sample,9000.0,0.6905555555555556,0.7942332896461337,0.35677449601500233,0.575503892830568,0.35677449601500233,0.0,0.17525493370297576,-0.23199728282928755,0.12448540196810895,0.0074444444444444445
biased_scalar_grid,signed_margin,9000.0,1.0,1.0,1.0,1.0,1.0,0.0,0.17524293686890072,-1.342290476300276e-18,0.0,0.0071111111111111115
biased_scalar_grid,counterfactual_field,9000.0,1.0,1.0,1.0,1.0,1.0,0.0,0.17524293686890072,-1.342290476300276e-18,0.0,0.0071111111111111115
large_seed_stress,no_repair,6000.0,0.0,0.0,0.0,0.0,0.0,0.03949999999999998,0.0,-0.37260443311092556,0.23531294586258536,0.0
large_seed_stress,scalar_random_sign,6000.0,0.4688333333333333,0.4710705083157648,0.463316002310803,0.46719325531328393,0.463316002310803,0.03949999999999998,0.2232949716159686,-0.3827932472215521,0.23031503240724688,0.21216666666666667
large_seed_stress,scalar_global_sign,6000.0,0.6831666666666667,0.9601780276411338,0.0,0.4800890138205669,0.0,0.03949999999999998,0.2259069382258535,-0.22178825139343022,0.134363449353674,0.21633333333333332
large_seed_stress,scalar_prior_sample,6000.0,0.6155,0.7240571562426797,0.34777585210860773,0.5359165041756437,0.34777585210860773,0.03949999999999998,0.22430856309549607,-0.2751381237540226,0.1665963654193043,0.21433333333333332
large_seed_stress,uniform_signed,6000.0,0.6335,0.6298899039587725,0.6424032351242056,0.6361465695414891,0.6298899039587725,0.03949999999999998,0.6323414572344637,-0.13720383472415346,0.5301365094695054,0.4523333333333333
large_seed_stress,nearest_contact,6000.0,0.7941666666666667,0.7910517685640666,0.8018486424032352,0.7964502054836509,0.7910517685640666,0.03949999999999998,0.24026997574610023,-0.05464428830441683,0.17471430485805745,0.20583333333333334
large_seed_stress,noisy_signed_margin,6000.0,0.6018333333333333,0.5680487233544156,0.6851530906990179,0.6266009070267167,0.5680487233544156,0.03949999999999998,0.22590605610808492,-0.008950096730196982,0.016072903442213682,0.21566666666666667
large_seed_stress,signed_margin,6000.0,0.9605,0.9601780276411338,0.9612940496822646,0.9607360386616992,0.9601780276411338,0.03949999999999998,0.2254506126633932,-0.008551812057590091,0.0,0.21433333333333332
large_seed_stress,counterfactual_field,6000.0,0.9605,0.9601780276411338,0.9612940496822646,0.9607360386616992,0.9601780276411338,0.03949999999999998,0.2254506126633932,-0.008551812057590091,0.0,0.21433333333333332
linear_contact_grid,no_repair,6720.0,0.0,0.0,0.0,0.0,0.0,0.0,0.0,-0.37331844754167803,0.22270875925835285,0.0
linear_contact_grid,scalar_random_sign,6720.0,0.48913690476190474,0.4852941176470588,0.49291617473435656,0.48910514619070766,0.4852941176470588,0.0,0.201466852261791,-0.38096292219131195,0.2264927838962369,0.022767857142857142
linear_contact_grid,scalar_global_sign,6720.0,0.49583333333333335,1.0,0.0,0.5,0.0,0.0,0.2015621122347643,-0.37759965594391964,0.22623822510353556,0.02023809523809524
linear_contact_grid,scalar_prior_sample,6720.0,0.502827380952381,0.5006002400960384,0.5050177095631642,0.5028089748296013,0.5006002400960384,0.0,0.20136610479071193,-0.3704694880613336,0.22056842560651227,0.021279761904761905
linear_contact_grid,uniform_signed,6720.0,0.7766369047619047,0.7773109243697479,0.775974025974026,0.776642475171887,0.775974025974026,0.0,0.7090284779805663,-0.09188380092568749,0.6177417992998196,0.29270833333333335
linear_contact_grid,nearest_contact,6720.0,0.9160714285714285,0.918967587034814,0.9132231404958677,0.9160953637653408,0.9132231404958677,0.0,0.26070938828462875,-0.012296339206954447,0.187205255883095,0.08392857142857142
linear_contact_grid,noisy_signed_margin,6720.0,1.0,1.0,1.0,1.0,1.0,0.0,0.2013060094395397,-1.364029590336525e-18,0.0,0.023214285714285715
linear_contact_grid,signed_margin,6720.0,1.0,1.0,1.0,1.0,1.0,0.0,0.2013060094395397,-1.364029590336525e-18,0.0,0.023214285714285715
linear_contact_grid,counterfactual_field,6720.0,1.0,1.0,1.0,1.0,1.0,0.0,0.2013060094395397,-1.364029590336525e-18,0.0,0.023214285714285715
mask_limit_grid,no_repair,11520.0,0.0,0.0,0.0,0.0,0.0,0.06467013888888884,0.0,-0.37494825979405993,0.22138119013967417,0.0
mask_limit_grid,uniform_signed,11520.0,0.35963541666666665,0.3625408848338785,0.3566800910523551,0.3596104879431168,0.3566800910523551,0.06467013888888884,0.5748606330812573,-0.2252630786839011,0.5035340869559832,0.7808159722222222
mask_limit_grid,nearest_contact,11520.0,0.5717013888888889,0.5758306076777414,0.5675013132551217,0.5716659604664316,0.5675013132551217,0.06467013888888884,0.17385930540294667,-0.12722834560653037,0.18576196866728392,0.4282986111111111
mask_limit_grid,signed_margin,11520.0,0.9353298611111112,0.9323463590979515,0.9383645596217826,0.935355459359867,0.9323463590979515,0.06467013888888884,0.20979741289351395,-0.015592014371314515,0.0,0.5403645833333334
mask_limit_grid,counterfactual_field,11520.0,0.9353298611111112,0.9323463590979515,0.9383645596217826,0.935355459359867,0.9323463590979515,0.06467013888888884,0.20979741289351395,-0.015592014371314515,0.0,0.5403645833333334
noise_mismatch_grid,scalar_random_sign,9000.0,0.5025555555555555,0.4991019308486753,0.5059392872855257,0.5025206090671005,0.4991019308486753,0.0,0.17716861222632901,-0.36801786094993216,0.1996450104565172,0.0071111111111111115
noise_mismatch_grid,noisy_signed_margin,9000.0,0.5497777777777778,0.5502918724741805,0.5492740871095468,0.5497829797918636,0.5492740871095468,0.0,0.1783376153063846,-0.014092721786414148,0.03803473411153027,0.011666666666666667
noise_mismatch_grid,signed_margin,9000.0,1.0,1.0,1.0,1.0,1.0,0.0,0.17722014388578083,1.976813774402015e-18,0.0,0.008666666666666666
noise_mismatch_grid,counterfactual_field,9000.0,1.0,1.0,1.0,1.0,1.0,0.0,0.17722014388578083,1.976813774402015e-18,0.0,0.008666666666666666
